[
{
    "model": "app.artist",
    "pk": 1,
    "fields": {
        "firstname": "John",
        "lastname": "Lennon",
        "types": [
            1
        ]
    }
},
{
    "model": "app.artist",
    "pk": 2,
    "fields": {
        "firstname": "Paul",
        "lastname": "McCartney",
        "types": []
    }
},
{
    "model": "app.artist",
    "pk": 3,
    "fields": {
        "firstname": "Eric",
        "lastname": "Shown",
        "types": []
    }
},
{
    "model": "app.artist",
    "pk": 4,
    "fields": {
        "firstname": "Laura",
        "lastname": "Mill",
        "types": []
    }
},
{
    "model": "app.artist",
    "pk": 5,
    "fields": {
        "firstname": "Paula",
        "lastname": "McCartney",
        "types": []
    }
},
{
    "model": "app.artist",
    "pk": 6,
    "fields": {
        "firstname": "Bruce",
        "lastname": "Willis",
        "types": []
    }
},
{
    "model": "app.artist",
    "pk": 7,
    "fields": {
        "firstname": "Kayne",
        "lastname": "East",
        "types": []
    }
},
{
    "model": "app.artist",
    "pk": 8,
    "fields": {
        "firstname": "Jennifer",
        "lastname": "Lopez",
        "types": []
    }
},
{
    "model": "app.artist",
    "pk": 9,
    "fields": {
        "firstname": "Kery",
        "lastname": "Hilson",
        "types": []
    }
},
{
    "model": "app.artist",
    "pk": 10,
    "fields": {
        "firstname": "Britney",
        "lastname": "Mars",
        "types": []
    }
},
{
    "model": "app.type",
    "pk": 1,
    "fields": {
        "type": "Acteur"
    }
},
{
    "model": "app.type",
    "pk": 2,
    "fields": {
        "type": "Musiscien"
    }
},
{
    "model": "app.type",
    "pk": 3,
    "fields": {
        "type": "Chanteur"
    }
},
{
    "model": "app.artist_type",
    "pk": 1,
    "fields": {
        "artist": 1,
        "type": 2
    }
},
{
    "model": "app.artist_type",
    "pk": 2,
    "fields": {
        "artist": 2,
        "type": 2
    }
},
{
    "model": "app.artist_type",
    "pk": 3,
    "fields": {
        "artist": 3,
        "type": 2
    }
},
{
    "model": "app.artist_type",
    "pk": 4,
    "fields": {
        "artist": 4,
        "type": 1
    }
},
{
    "model": "app.artist_type",
    "pk": 5,
    "fields": {
        "artist": 5,
        "type": 1
    }
},
{
    "model": "app.artist_type",
    "pk": 6,
    "fields": {
        "artist": 6,
        "type": 1
    }
},
{
    "model": "app.artist_type",
    "pk": 7,
    "fields": {
        "artist": 7,
        "type": 1
    }
},
{
    "model": "app.artist_type",
    "pk": 8,
    "fields": {
        "artist": 8,
        "type": 1
    }
},
{
    "model": "app.artist_type",
    "pk": 9,
    "fields": {
        "artist": 9,
        "type": 1
    }
},
{
    "model": "app.artist_type",
    "pk": 10,
    "fields": {
        "artist": 10,
        "type": 2
    }
},
{
    "model": "app.show",
    "pk": 1,
    "fields": {
        "slug": "pierre-laurent-aimard-brengt-beethoven",
        "title": "Pierre-Laurent Aimard brengt Beethoven",
        "poster_url": "https://zupimages.net/up/20/13/zvb0.png",
        "bookable": true,
        "price": 18.0,
        "description": "\u2018Beethovens Vierde symfonie is als een slanke Griekse maagd tussen twee Noorse goden\u2019, aldus Robert Schumann. Dat is tre\ufb00end omschreven: terwijl je aan zijn Derde en Vijfde symfonie enig gevoel voor bombast kan toeschrijven, is zijn Vierde symfonie een bijzonder sprankelend en humoristisch werk. Pierre-Laurent Aimard laat met het Vijfde pianoconcerto van Beethoven (met zijn meedogenloos mooie tweede deel) horen dat hoewel zijn gehoor de componist in de steek liet, hij nog tot grootse composities in staat was. Als opener van deze concertavond: de ouverture van Cherubini\u2019s opera M\u00e9d\u00e9e, een werk waarover Beethoven \u2013 tegen de stroom in \u2013 laaiend enthousiast was.",
        "created_at": "2020-06-16T17:41:28Z"
    }
},
{
    "model": "app.show",
    "pk": 2,
    "fields": {
        "slug": "antwerp-symphony-orchestra",
        "title": "Antwerp Symphony Orchestra",
        "poster_url": "https://zupimages.net/up/20/13/ha3w.png",
        "bookable": true,
        "price": 15.0,
        "description": "Guy Cassiers ensceneert het gedicht Tiresias van de Britse spoken word dichteres Kate Tempest. Katelijne Damen neemt de rol van verteller voor haar rekening. Met Katelijne Damen maakte Guy Cassiers enkele seizoenen geleden de voorstelling Orlando naar de roman van Virginia Woolf. Orlando vertelde toen, net als Tiresias nu, het verhaal van een transformatie van man naar vrouw en stelde daarbij vragen naar identiteit. Bij Tiresias gaat dat transformatieproces nog een stap verder: van man over vrouw naar ziener die een inzicht verwerft in de menselijke existentie. Tegenover de stem van de verteller staat de Achtste symfonie van Dmitri Sjostakovitsj, live uitgevoerd door het Antwerp Symphony Orchestra. De muziek van Sjostakovitsj \u2013 geschreven tijdens de Tweede Wereldoorlog \u2013 zit vol spanningen en vragen over identiteit en toekomst, en spiegelt op die manier de con\ufb02icten binnen de \ufb01guur van Tiresias.\nIn coproductie met Toneelhuis.\nGerealiseerd met de steun van de Tax Shelter van de Belgische Federale Overheid. Casa Kafka Pictures Tax Shelter Empowered by Belfius.",
        "created_at": "2020-06-16T17:41:28Z"
    }
},
{
    "model": "app.show",
    "pk": 3,
    "fields": {
        "slug": "jazz-jam",
        "title": "JAZZ JAM",
        "poster_url": "https://zupimages.net/up/20/13/a7ji.jpg",
        "bookable": true,
        "price": 0.0,
        "description": "Un \u00e9v\u00e9nement annuel, sans aucun but lucratif, destin\u00e9 \u00e0 r\u00e9unir, apr\u00e8s tous les stages d\u2019\u00e9t\u00e9 et les festivals, ainsi qu\u2019avant la reprise des cours d\u2019acad\u00e9mie, tous les musiciens amateurs et professionnels de jazz belges et parfois m\u00eame \u00e9trangers pour le plaisir des spectateurs que vous serez !",
        "created_at": "2020-06-16T17:41:28Z"
    }
},
{
    "model": "app.show",
    "pk": 4,
    "fields": {
        "slug": "j-abandonne-une-partie-de-moi-que-j-adapte",
        "title": "J'abandonne une partie de moi que j'adapte",
        "poster_url": "https://zupimages.net/up/20/13/wrp5.jpg",
        "bookable": true,
        "price": 20.0,
        "description": "\u00cates-vous heureux ? Comment vivez-vous ? Quelle place le travail prend-il dans vos vies aujourd'hui ? Questions br\u00fblantes que vous pose Justine Lequette dans cette premi\u00e8re cr\u00e9ation marqu\u00e9e par le film documentaire tourn\u00e9 par Edgar Morin et Jean Rouch en 1960, 'Chronique d'un \u00e9t\u00e9'. Ppremi\u00e8re exp\u00e9rience fran\u00e7aise de cin\u00e9ma-v\u00e9rit\u00e9, Justine Lequette et ses quatre com\u00e9diens en reprennent les questions-cl\u00e9s, adress\u00e9es \u00e0 des passants, \u00e9tudiants, ouvriers, employ\u00e9s, immigr\u00e9s, dont l'entretien se prolongeait parfois dans un cadre plus intime. Ces questions, qui portent sur le bonheur, la vie, le travail, les utopies etc., ils se les posent aujourd'hui dans une soci\u00e9t\u00e9 qui, cinquante-sept ans plus tard, est \u00e0 la fois rest\u00e9e la m\u00eame et a beaucoup chang\u00e9. Mettant les deux \u00e9poques en perspective, ils insistent, en se nourrissant aussi de s\u00e9quences documentaires de Pierre Carles, d'extraits de pi\u00e8ces d'Alexandra Badea ainsi que d'\u00e9critures de plateau, sur la question du sens que nous donnons \u00e0 nos vies, dans une esth\u00e9tique inspir\u00e9e du r\u00e9el mais qui toujours d\u00e9veloppe un point de vue et une dimension ludique. Un projet initi\u00e9 et mis en sc\u00e8ne par Justine Lequette Avec R\u00e9mi Faure, Benjamin Lichou, Jules Puibaraud, L\u00e9a Romagny Production Cr\u00e9ation Studio Th\u00e9\u00e2tre National Wallonie-Bruxelles Coproduction Group Nabla Le spectacle J'abandonne une partie de moi que j'adapte inclut des extraits de : - La pi\u00e8ce Je te regarde d'Alexandra Badea. - Des textes des films Attention Danger Travail et Volem Rien Foutre al pais r\u00e9alis\u00e9s par Pierre Carles, Christophe Coello et St\u00e9phane Goxe. - Des textes et images du film documentaire Chronique d'un \u00e9t\u00e9, r\u00e9alis\u00e9 par Jean Rouch et Edgar Morin.",
        "created_at": "2020-06-16T17:41:28Z"
    }
},
{
    "model": "app.show",
    "pk": 5,
    "fields": {
        "slug": "discours-a-la-nation",
        "title": "Discours \u00e0 la nation",
        "poster_url": "https://zupimages.net/up/20/13/q7dc.jpg",
        "bookable": true,
        "price": 20.0,
        "description": "Avec sa langue inimitable, \u00e0 la po\u00e9sie sautillante, \u00e0 l\u2019humour ravageur ; avec sa conscience politique et un v\u00e9ritable amour des \u00ab petites gens \u00bb ; avec son sens aigu de la musicalit\u00e9 des mots ; avec tout \u00e7a, Ascanio Celestini a construit en quelques ann\u00e9es une grande \u0153uvre de th\u00e9\u00e2tre.\nEvoquant une nouvelle fois la relation entre la classe dominante et la classe domin\u00e9e, Celestini renverse ici son point de vue : ce sont \u00e0 pr\u00e9sent les puissants qui parlent.\nAu milieu d\u2019un tas de caissettes en bois, avec f\u00e9rocit\u00e9 et un plaisir ostensible, David Murgia donne vie \u00e0 ces politiciens ou chefs d\u2019entreprise dont le discours, d\u00e9barrass\u00e9 de son vernis de respectabilit\u00e9, se pare d\u2019un grotesque aussi comique qu\u2019effrayant. La docilit\u00e9 du peuple, la d\u00e9mission des syndicats, le march\u00e9 globalis\u00e9, tout cela est salu\u00e9 par des personnages hilares et d\u00e9nu\u00e9s du moindre remords",
        "created_at": "2020-06-16T17:41:28Z"
    }
},
{
    "model": "app.show",
    "pk": 6,
    "fields": {
        "slug": "going-home",
        "title": "Going Home",
        "poster_url": "https://zupimages.net/up/20/13/xcm1.jpg",
        "bookable": true,
        "price": 16.0,
        "description": "L\u2019histoire commence \u00e0 Hambourg. Dans un parc et sous la neige. Il y a l\u00e0 un homme noir \u00e9gar\u00e9, avec 5.000 euros \u00e0 ses pieds. Le braquage a foir\u00e9, la police est venue l\u2019arr\u00eater. Tout le monde le regarde. Il se demande ce qu\u2019il fait l\u00e0. En quelques mots, le d\u00e9cor est plant\u00e9: l\u2019histoire de 'Michalak l\u2019\u00e9thiopien' s\u2019offre \u00e0 nous.",
        "created_at": "2020-06-16T17:41:28Z"
    }
},
{
    "model": "app.show",
    "pk": 7,
    "fields": {
        "slug": "cyrano-de-bergerac",
        "title": "Cyrano de Bergerac",
        "poster_url": "https://zupimages.net/up/20/13/usqq.jpg",
        "bookable": true,
        "price": 30.0,
        "description": "Quel bonheur de vous proposer ce chef-d\u2019\u0153uvre immortel ! C\u2019est Bernard Yerl\u00e8s qui pr\u00eatera son nez au r\u00f4le-titre, entra\u00eenant avec lui une joyeuse \u00e9quipe de 19 com\u00e9diens. Venez d\u00e9couvrir ce spectacle en famille. La langue de Rostand est sublime et notre splendide salle est l\u2019\u00e9crin id\u00e9al pour la mettre en valeur.",
        "created_at": "2020-06-16T17:41:28Z"
    }
},
{
    "model": "app.show",
    "pk": 8,
    "fields": {
        "slug": "bibot-distinguee-cirque-royal",
        "title": "BIBOT DISTINGU\u00c9E \u2013 CIRQUE ROYAL",
        "poster_url": "https://zupimages.net/up/20/13/noi1.png",
        "bookable": true,
        "price": 28.0,
        "description": "La Jeannie Longo du rire (comme elle se qualifie elle-m\u00eame) a de quoi filer des complexes \u00e0 la jeunesse. Dr\u00f4le, \u00e9mouvante et d\u2019une in\u00e9gal\u00e9e aisance sc\u00e9nique, Laurence Bibot se renouvelle encore avec cette seconde incursion dans l\u2019univers du stand up, apr\u00e8s le succ\u00e8s de \u00ab Bibot Debout \u00bb. Elle est toute seule dans sa cat\u00e9gorie : celle des femmes qui ont un chien fou mais qui n\u2019h\u00e9sitent pourtant pas \u00e0 lever la patte sur tout ce qui passe \u00e0 leur port\u00e9e. Avec ses mani\u00e8res d\u2019aristo et saillies de chauffeur poids lourd, Laurence Bibot manie avec dext\u00e9rit\u00e9 l\u2019art consomm\u00e9 du d\u00e9calage entre l\u2019\u00e9l\u00e9gance de l\u2019emballage et la crudit\u00e9 du propos. Irr\u00e9sistible, comme toujours.",
        "created_at": "2020-06-16T17:41:28Z"
    }
},
{
    "model": "app.show",
    "pk": 9,
    "fields": {
        "slug": "retours-sur-un-fils-de-notre-temps",
        "title": "Retours sur un fils de notre temps",
        "poster_url": "https://zupimages.net/up/20/13/5vig.jpg",
        "bookable": true,
        "price": 18.0,
        "description": "Des \u00e9l\u00e8ves du Coll\u00e8ge Saint Hubert, de l\u2019Institut Saint julien Parnasse, de l\u2019Ath\u00e9n\u00e9e Royal Jean Absil, de l\u2019Ath\u00e9n\u00e9e Joseph Bracops et de L\u2019autre c\u00f4t\u00e9 de l\u2019\u00e9cole font \u00ab Une proposition politique des fils et des filles de notre temps pour le monde de demain \u00bb. R\u00e9sultat des ateliers men\u00e9s par le Th\u00e9\u00e2tre de la Chute autour d\u2019Un fils de notre temps qui ont consist\u00e9 \u00e0 ce que chaque classe d\u00e9nonce 3 dysfonctionnements du monde d\u2019aujourd\u2019hui et propose 3 mesures concr\u00e8tes pour y rem\u00e9dier. Chaque classe a d\u00e9battu de la th\u00e9matique et a travaill\u00e9 collectivement pour faire de cette r\u00e9flexion un discours qu\u2019un \u00e9l\u00e8ve d\u00e9l\u00e9gu\u00e9 par classe donnera au Petit Varia.\nLes \u00e9l\u00e8ves d\u00e9l\u00e9gu\u00e9s se succ\u00e8deront \u00e0 la tribune, tels des orateurs. Chaque classe pourra soutenir son candidat par une campagne de promotion (affiches, tracts, slogans, etc.). Il y aura un vote, et un d\u00e9pouillement sous le contr\u00f4le d\u2019assesseurs tir\u00e9s au hasard, un temps de n\u00e9gociation, et un d\u00e9briefing g\u00e9n\u00e9ral.",
        "created_at": "2020-06-16T17:41:28Z"
    }
},
{
    "model": "app.show",
    "pk": 10,
    "fields": {
        "slug": "sweet-and-swing",
        "title": "Sweet and Swing",
        "poster_url": "https://zupimages.net/up/20/13/514y.png",
        "bookable": true,
        "price": 8.0,
        "description": "Personnage rare et d\u00e9cal\u00e9, rempli d\u2019humour, de po\u00e9sie, de fantaisie, Mlle Lily rentre chez elle les bras charg\u00e9s de tr\u00e9sors glan\u00e9s au dehors. M\u00e9ticuleuse, un peu r\u00e9tro, elle berce son quotidien de chants puis\u00e9s dans le r\u00e9pertoire jazz et se construit un monde f\u00e9\u00e9rique. Mais les objets qui l\u2019entourent en ont d\u00e9cid\u00e9 autrement\u2026",
        "created_at": "2020-06-16T17:41:28Z"
    }
},
{
    "model": "app.show",
    "pk": 11,
    "fields": {
        "slug": "antoine-h\u00e9naut",
        "title": "Antoine H\u00e9naut",
        "poster_url": "https://zupimages.net/up/20/13/ng6m.jpg",
        "bookable": true,
        "price": 8.0,
        "description": "Apr\u00e8s un pass\u00e9 de jongleur, le voil\u00e0 sur les planches, accompagn\u00e9 de ses comparses musiciens. Antoine H\u00e9naut nous emm\u00e8ne aux sons doux et enivrants dans un r\u00e9pertoire de chansons franc\u0327aises. Paroles subtiles et dr\u00f4les, il aborde les th\u00e8mes du quotidien, sans \u00e9pargner personne, attirant d\u00e8s les premie\u0300res paroles la sympathie du public.",
        "created_at": "2020-06-16T17:41:28Z"
    }
},
{
    "model": "app.show",
    "pk": 12,
    "fields": {
        "slug": "dena",
        "title": "D E N A",
        "poster_url": "https://zupimages.net/up/20/13/4lpy.jpg",
        "bookable": true,
        "price": 12.0,
        "description": "Cette Bruxelloise aux origines iraniennes a commenc\u00e9 l'humour, il y a trois ans. Elle se fraye un chemin en plusieurs langues et participe \u00e0 des plateaux d'humour dans toute la Belgique !\nD E N A s'est imm\u00e9diatement faite remarquer gr\u00e2ce \u00e0 ses anecdotes personnelles et ses observations frappantes. Elle fait du stand-up, entrem\u00eal\u00e9 de personnages. Sa famille, ses origines, ses relations, son travail et sa vie hors du commun infusent ses sketchs. Un sens de l'humour \u00e9norme qui vous fera exploser de rire !",
        "created_at": "2020-06-16T17:41:28Z"
    }
},
{
    "model": "app.show",
    "pk": 13,
    "fields": {
        "slug": "sons-of-disaster",
        "title": "SONS OF DISASTER",
        "poster_url": "https://zupimages.net/up/20/13/hjgh.jpeg",
        "bookable": true,
        "price": 12.0,
        "description": "C'est en 2010 qu'\u00e0 \u00ab Bxhell Rock City \u00bb s'est form\u00e9 Sons Of Disaster, du \u00ab High Octane Rock'n'roll \u00bb dop\u00e9 aux riffs surpuissants accompagn\u00e9s de percussions tonitruantes, de lignes de basses impardonnables et des textes d'une fluidit\u00e9 limpide aux relents de vieux bourbon, dans la plus pure lign\u00e9e de la tradition Rock'N'Roll. C'est donc sous cette appellation que Greg, Gilles, Selim, Yoni et JT ont d\u00e9cid\u00e9 de s'affirmer dans l'histoire du Rock. Ils vivent chacun de leurs concerts comme si c'\u00e9tait leur dernier. Qu'il y ait 10 ou 1000 personnes, les Sons of Disaster donnent tout ce qu'ils ont dans le ventre pour transmettre au maximum, l'\u00e9nergie de leurs morceaux !",
        "created_at": "2020-06-16T17:41:28Z"
    }
},
{
    "model": "app.locality",
    "pk": 1,
    "fields": {
        "postal_code": "1000",
        "locality": "Bruxelles"
    }
},
{
    "model": "app.locality",
    "pk": 2,
    "fields": {
        "postal_code": "1050",
        "locality": "Ixelles"
    }
},
{
    "model": "app.locality",
    "pk": 3,
    "fields": {
        "postal_code": "5000",
        "locality": "Namur"
    }
},
{
    "model": "app.locality",
    "pk": 4,
    "fields": {
        "postal_code": "2000",
        "locality": "Anvers"
    }
},
{
    "model": "app.locality",
    "pk": 5,
    "fields": {
        "postal_code": "6700",
        "locality": "Arlon"
    }
},
{
    "model": "app.location",
    "pk": 1,
    "fields": {
        "locality": 4,
        "slug": "salle-reine-elisabeth",
        "designation": "Salle Reine Elisabeth",
        "address": "Place Reine Astrid 26",
        "website": "https://www.koninginelisabethzaal.be/fr/",
        "phone": "+32 3 233 84 44"
    }
},
{
    "model": "app.location",
    "pk": 2,
    "fields": {
        "locality": 4,
        "slug": "jazzcafe-de-muze",
        "designation": "Jazzcafe de Muze",
        "address": "Melkmarkt 10",
        "website": "https://jazzcafedemuze.be/",
        "phone": "+32 3 226 01 26"
    }
},
{
    "model": "app.location",
    "pk": 3,
    "fields": {
        "locality": 1,
        "slug": "theatre-national-de-la-communaute-fran\u00e7aise",
        "designation": "Th\u00e9\u00e2tre National de la Communaut\u00e9 Fran\u00e7aise",
        "address": "Avenue Emile Jacqmain 111/115",
        "website": "https://www.theatrenational.be/fr/",
        "phone": "+32 203 41 55"
    }
},
{
    "model": "app.location",
    "pk": 4,
    "fields": {
        "locality": 1,
        "slug": "theatre-royal-du-parc",
        "designation": "Th\u00e9\u00e2tre Royal du Parc",
        "address": "Rue de la Loi 3",
        "website": "http://www.theatreduparc.be/",
        "phone": "+32 505 30 30"
    }
},
{
    "model": "app.location",
    "pk": 5,
    "fields": {
        "locality": 2,
        "slug": "theatre-de-la-toison-d-or",
        "designation": "Th\u00e9\u00e2tre de la Toison d'or",
        "address": "Galeries de la Toison d'Or 396-398",
        "website": "http://www.ttotheatre.be/",
        "phone": "+32 510 05 10"
    }
},
{
    "model": "app.location",
    "pk": 6,
    "fields": {
        "locality": 2,
        "slug": "varia",
        "designation": "Varia",
        "address": "Rue du Sceptre 78",
        "website": "http://www.varia.be/",
        "phone": "+32 640 82 58"
    }
},
{
    "model": "app.location",
    "pk": 7,
    "fields": {
        "locality": 3,
        "slug": "theatre-de-namur",
        "designation": "Th\u00e9\u00e2tre de Namur",
        "address": "Place du Th\u00e9\u00e2tre 2",
        "website": "http://www.theatredenamur.be/",
        "phone": "+32 81 22 60 26"
    }
},
{
    "model": "app.location",
    "pk": 8,
    "fields": {
        "locality": 3,
        "slug": "theatre-jardin-passion",
        "designation": "Th\u00e9\u00e2tre Jardin Passion",
        "address": "Rue Marie-Henriette 39",
        "website": "http://www.theatrejardinpassion.be/",
        "phone": "+32 472 96 53 16"
    }
},
{
    "model": "app.location",
    "pk": 9,
    "fields": {
        "locality": 5,
        "slug": "ancien-palais-de-justice",
        "designation": "Ancien palais de Justice",
        "address": "Place L\u00e9opold",
        "website": "http://www.palaisarlon.be/",
        "phone": "+32 63 23 53 97"
    }
},
{
    "model": "app.location",
    "pk": 10,
    "fields": {
        "locality": 5,
        "slug": "l-entrepot",
        "designation": "L'Entrep\u00f4t",
        "address": "Rue Z\u00e9nobe Gramme 2",
        "website": "http://www.entrepotarlon.be/",
        "phone": "+32 63 45 60 84"
    }
},
{
    "model": "app.collaboration",
    "pk": 1,
    "fields": {
        "artist_type": 1,
        "show": 1
    }
},
{
    "model": "app.collaboration",
    "pk": 2,
    "fields": {
        "artist_type": 2,
        "show": 2
    }
},
{
    "model": "app.collaboration",
    "pk": 3,
    "fields": {
        "artist_type": 3,
        "show": 3
    }
},
{
    "model": "app.collaboration",
    "pk": 4,
    "fields": {
        "artist_type": 4,
        "show": 4
    }
},
{
    "model": "app.collaboration",
    "pk": 5,
    "fields": {
        "artist_type": 5,
        "show": 5
    }
},
{
    "model": "app.collaboration",
    "pk": 6,
    "fields": {
        "artist_type": 6,
        "show": 6
    }
},
{
    "model": "app.collaboration",
    "pk": 7,
    "fields": {
        "artist_type": 7,
        "show": 7
    }
},
{
    "model": "app.collaboration",
    "pk": 8,
    "fields": {
        "artist_type": 8,
        "show": 8
    }
},
{
    "model": "app.collaboration",
    "pk": 9,
    "fields": {
        "artist_type": 9,
        "show": 9
    }
},
{
    "model": "app.collaboration",
    "pk": 10,
    "fields": {
        "artist_type": 4,
        "show": 10
    }
},
{
    "model": "app.collaboration",
    "pk": 11,
    "fields": {
        "artist_type": 10,
        "show": 11
    }
},
{
    "model": "app.collaboration",
    "pk": 12,
    "fields": {
        "artist_type": 8,
        "show": 12
    }
},
{
    "model": "app.collaboration",
    "pk": 13,
    "fields": {
        "artist_type": 3,
        "show": 13
    }
},
{
    "model": "app.userprofile",
    "pk": 1,
    "fields": {
        "user": 1,
        "langue": "FR"
    }
},
{
    "model": "app.userprofile",
    "pk": 2,
    "fields": {
        "user": 2,
        "langue": "FR"
    }
},
{
    "model": "app.userprofile",
    "pk": 3,
    "fields": {
        "user": 3,
        "langue": "NL"
    }
},
{
    "model": "app.userprofile",
    "pk": 4,
    "fields": {
        "user": 4,
        "langue": "GE"
    }
},
{
    "model": "app.userprofile",
    "pk": 5,
    "fields": {
        "user": 5,
        "langue": "SP"
    }
},
{
    "model": "app.userprofile",
    "pk": 6,
    "fields": {
        "user": 6,
        "langue": "PO"
    }
},
{
    "model": "app.representation",
    "pk": 1,
    "fields": {
        "show": 1,
        "when": "2020-06-16T17:41:28Z",
        "location": 2
    }
},
{
    "model": "app.representation",
    "pk": 2,
    "fields": {
        "show": 2,
        "when": "2020-06-16T17:41:28Z",
        "location": 1
    }
},
{
    "model": "app.representation",
    "pk": 3,
    "fields": {
        "show": 3,
        "when": "2020-06-16T17:41:28Z",
        "location": 3
    }
},
{
    "model": "app.representation",
    "pk": 4,
    "fields": {
        "show": 4,
        "when": "2020-06-16T17:41:28Z",
        "location": 4
    }
},
{
    "model": "app.representation",
    "pk": 5,
    "fields": {
        "show": 5,
        "when": "2020-06-16T17:41:28Z",
        "location": 5
    }
}
]
